"Longitude (x)","Latitude (y)","Station Name","Climate ID","Date/Time","Year","Month","Day","Data Quality","Max Temp (°C)","Max Temp Flag","Min Temp (°C)","Min Temp Flag","Mean Temp (°C)","Mean Temp Flag","Heat Deg Days (°C)","Heat Deg Days Flag","Cool Deg Days (°C)","Cool Deg Days Flag","Total Rain (mm)","Total Rain Flag","Total Snow (cm)","Total Snow Flag","Total Precip (mm)","Total Precip Flag","Snow on Grnd (cm)","Snow on Grnd Flag","Dir of Max Gust (10s deg)","Dir of Max Gust Flag","Spd of Max Gust (km/h)","Spd of Max Gust Flag"
"-120.45","50.70","KAMLOOPS A","1163781","2024-01-01","2024","01","01","","6.3","","1.1","","3.7","","14.3","","0.0","","0.0","","0.0","","0.0","","","","","M","","M"
"-120.45","50.70","KAMLOOPS A","1163781","2024-01-02","2024","01","02","","3.7","","-1.0","","1.4","","16.6","","0.0","","0.0","","0.0","","0.0","","","","","M","","M"
"-120.45","50.70","KAMLOOPS A","1163781","2024-01-03","2024","01","03","","3.6","","1.1","","2.4","","15.6","","0.0","","1.5","","0.0","","1.5","","","","","M","","M"
"-120.45","50.70","KAMLOOPS A","1163781","2024-01-04","2024","01","04","","6.7","","-0.7","","3.0","","15.0","","0.0","","0.0","","0.0","","0.0","","","","9","","38",""
"-120.45","50.70","KAMLOOPS A","1163781","2024-01-05","2024","01","05","","4.3","","-3.2","","0.6","","17.4","","0.0","","0.0","","0.0","","0.0","","","","11","","54",""
"-120.45","50.70","KAMLOOPS A","1163781","2024-01-06","2024","01","06","","4.4","","0.4","","2.4","","15.6","","0.0","","1.3","","0.0","","1.3","","","","28","","58",""
"-120.45","50.70","KAMLOOPS A","1163781","2024-01-07","2024","01","07","","2.0","","-2.3","","-0.2","","18.2","","0.0","","0.0","","0.0","","0.0","","","","28","","63",""
"-120.45","50.70","KAMLOOPS A","1163781","2024-01-08","2024","01","08","","-0.8","","-4.1","","-2.5","","20.5","","0.0","","0.0","","6.0","","6.0","","6","E","6","","32",""
"-120.45","50.70","KAMLOOPS A","1163781","2024-01-09","2024","01","09","","1.0","","-3.0","","-1.0","","19.0","","0.0","","0.0","","1.6","","1.6","","7","","11","","49",""
"-120.45","50.70","KAMLOOPS A","1163781","2024-01-10","2024","01","10","","-0.1","","-5.7","","-2.9","","20.9","","0.0","","0.0","","0.0","","0.0","","7","","28","","45",""
"-120.45","50.70","KAMLOOPS A","1163781","2024-01-11","2024","01","11","","-5.1","","-21.7","","-13.4","","31.4","","0.0","","0.0","","0.0","T","0.0","T","6","","29","","73",""
"-120.45","50.70","KAMLOOPS A","1163781","2024-01-12","2024","01","12","","-21.3","","-27.3","","-24.3","","42.3","","0.0","","0.0","","0.0","","0.0","","5","","29","","56",""
"-120.45","50.70","KAMLOOPS A","1163781","2024-01-13","2024","01","13","","-20.9","","-28.6","","-24.8","","42.8","","0.0","","0.0","","0.0","","0.0","","5","","","M","","M"
"-120.45","50.70","KAMLOOPS A","1163781","2024-01-14","2024","01","14","","-13.5","","-22.1","","-17.8","","35.8","","0.0","","0.0","","0.0","T","0.0","T","5","","","M","","M"
"-120.45","50.70","KAMLOOPS A","1163781","2024-01-15","2024","01","15","","-14.2","","-21.4","","-17.8","","35.8","","0.0","","0.0","","0.0","","0.0","","5","","","M","","M"
"-120.45","50.70","KAMLOOPS A","1163781","2024-01-16","2024","01","16","","-8.4","","-15.3","","-11.9","","29.9","","0.0","","0.0","","3.5","","3.5","","5","","","M","","M"
"-120.45","50.70","KAMLOOPS A","1163781","2024-01-17","2024","01","17","","-6.3","","-10.6","","-8.5","","26.5","","0.0","","0.3","","12.8","","12.8","","15","","28","","51",""
"-120.45","50.70","KAMLOOPS A","1163781","2024-01-18","2024","01","18","","-7.2","","-15.6","","-11.4","","29.4","","0.0","","0.0","","0.0","T","0.0","T","22","","28","","34",""
"-120.45","50.70","KAMLOOPS A","1163781","2024-01-19","2024","01","19","","-5.0","","-11.1","","-8.1","","26.1","","0.0","","3.3","","5.6","","15.1","","18","","","M","","M"
"-120.45","50.70","KAMLOOPS A","1163781","2024-01-20","2024","01","20","","-1.3","","-5.5","","-3.4","","21.4","","0.0","","0.0","T","0.0","","0.0","T","23","","","M","","M"
"-120.45","50.70","KAMLOOPS A","1163781","2024-01-21","2024","01","21","","0.9","","-3.3","","-1.2","","19.2","","0.0","","0.0","","0.2","","0.2","","24","","9","","33",""
"-120.45","50.70","KAMLOOPS A","1163781","2024-01-22","2024","01","22","","2.4","","-0.3","","1.1","","16.9","","0.0","","0.9","","0.2","","1.1","","21","","","M","","M"
"-120.45","50.70","KAMLOOPS A","1163781","2024-01-23","2024","01","23","","2.3","","0.7","","1.5","","16.5","","0.0","","14.1","","0.0","","14.1","","15","","","M","","M"
"-120.45","50.70","KAMLOOPS A","1163781","2024-01-24","2024","01","24","","2.8","","-0.1","","1.4","","16.6","","0.0","","0.9","","0.0","","0.9","","12","E","","M","","M"
"-120.45","50.70","KAMLOOPS A","1163781","2024-01-25","2024","01","25","","3.5","","-2.9","","0.3","","17.7","","0.0","","0.0","T","0.0","","0.0","T","11","","","M","","M"
"-120.45","50.70","KAMLOOPS A","1163781","2024-01-26","2024","01","26","","4.5","","-4.3","","0.1","","17.9","","0.0","","0.0","T","0.0","","0.0","T","10","","9","","33",""
"-120.45","50.70","KAMLOOPS A","1163781","2024-01-27","2024","01","27","","4.9","","1.8","","3.4","","14.6","","0.0","","2.5","","0.0","","2.5","","8","","10","","33",""
"-120.45","50.70","KAMLOOPS A","1163781","2024-01-28","2024","01","28","","6.5","","2.9","","4.7","","13.3","","0.0","","2.4","","0.0","","2.4","","5","","11","","37",""
"-120.45","50.70","KAMLOOPS A","1163781","2024-01-29","2024","01","29","","12.1","","3.8","","8.0","","10.0","","0.0","","0.4","","0.0","","0.4","","0","T","4","","37",""
"-120.45","50.70","KAMLOOPS A","1163781","2024-01-30","2024","01","30","","13.0","","5.9","","9.5","","8.5","","0.0","","0.0","T","0.0","","0.0","T","0","T","10","","45",""
"-120.45","50.70","KAMLOOPS A","1163781","2024-01-31","2024","01","31","","11.0","","4.8","","7.9","","10.1","","0.0","","1.4","","0.0","","1.4","","","","9","","41",""
"-120.45","50.70","KAMLOOPS A","1163781","2024-02-01","2024","02","01","","10.1","","6.1","","8.1","","9.9","","0.0","","0.6","","0.0","","0.6","","","","10","","36",""
"-120.45","50.70","KAMLOOPS A","1163781","2024-02-02","2024","02","02","","8.9","","0.2","","4.6","","13.4","","0.0","","1.3","","0.0","","1.3","","","","10","","35",""
"-120.45","50.70","KAMLOOPS A","1163781","2024-02-03","2024","02","03","","8.7","","0.7","","4.7","","13.3","","0.0","","0.0","","0.0","","0.0","","","","28","","43",""
"-120.45","50.70","KAMLOOPS A","1163781","2024-02-04","2024","02","04","","3.8","","-1.4","","1.2","","16.8","","0.0","","0.0","","0.0","T","0.0","T","0","T","29","","48",""
"-120.45","50.70","KAMLOOPS A","1163781","2024-02-05","2024","02","05","","1.8","","-1.7","","0.1","","17.9","","0.0","","0.0","","0.0","T","0.0","T","0","T","","M","","M"
"-120.45","50.70","KAMLOOPS A","1163781","2024-02-06","2024","02","06","","3.0","","-1.1","","1.0","","17.0","","0.0","","0.9","","3.2","","2.6","","2","","","M","","M"
"-120.45","50.70","KAMLOOPS A","1163781","2024-02-07","2024","02","07","","5.3","","0.4","","2.9","","15.1","","0.0","","0.0","","0.0","","0.0","","0","T","28","","35",""
"-120.45","50.70","KAMLOOPS A","1163781","2024-02-08","2024","02","08","","4.7","","-0.4","","2.2","","15.8","","0.0","","0.0","","0.0","","0.0","","","","","M","","M"
"-120.45","50.70","KAMLOOPS A","1163781","2024-02-09","2024","02","09","","4.0","","-5.5","","-0.8","","18.8","","0.0","","0.0","","0.0","","0.0","","","","","M","","M"
"-120.45","50.70","KAMLOOPS A","1163781","2024-02-10","2024","02","10","","2.2","","-2.6","","-0.2","","18.2","","0.0","","0.0","","0.8","","0.8","","1","E","","M","","M"
"-120.45","50.70","KAMLOOPS A","1163781","2024-02-11","2024","02","11","","1.2","","-0.3","","0.5","","17.5","","0.0","","3.4","","3.5","","6.3","","2","","","M","","M"
"-120.45","50.70","KAMLOOPS A","1163781","2024-02-12","2024","02","12","","","","","","","","","","","","","","","","","","","","","","",""
"-120.45","50.70","KAMLOOPS A","1163781","2024-02-13","2024","02","13","","","","","","","","","","","","","","","","","","","","","","",""
"-120.45","50.70","KAMLOOPS A","1163781","2024-02-14","2024","02","14","","","","","","","","","","","","","","","","","","","","","","",""
"-120.45","50.70","KAMLOOPS A","1163781","2024-02-15","2024","02","15","","","","","","","","","","","","","","","","","","","","","","",""
"-120.45","50.70","KAMLOOPS A","1163781","2024-02-16","2024","02","16","","","","","","","","","","","","","","","","","","","","","","",""
"-120.45","50.70","KAMLOOPS A","1163781","2024-02-17","2024","02","17","","","","","","","","","","","","","","","","","","","","","","",""
"-120.45","50.70","KAMLOOPS A","1163781","2024-02-18","2024","02","18","","","","","","","","","","","","","","","","","","","","","","",""
"-120.45","50.70","KAMLOOPS A","1163781","2024-02-19","2024","02","19","","","","","","","","","","","","","","","","","","","","","","",""
"-120.45","50.70","KAMLOOPS A","1163781","2024-02-20","2024","02","20","","","","","","","","","","","","","","","","","","","","","","",""
"-120.45","50.70","KAMLOOPS A","1163781","2024-02-21","2024","02","21","","","","","","","","","","","","","","","","","","","","","","",""
"-120.45","50.70","KAMLOOPS A","1163781","2024-02-22","2024","02","22","","","","","","","","","","","","","","","","","","","","","","",""
"-120.45","50.70","KAMLOOPS A","1163781","2024-02-23","2024","02","23","","","","","","","","","","","","","","","","","","","","","","",""
"-120.45","50.70","KAMLOOPS A","1163781","2024-02-24","2024","02","24","","","","","","","","","","","","","","","","","","","","","","",""
"-120.45","50.70","KAMLOOPS A","1163781","2024-02-25","2024","02","25","","","","","","","","","","","","","","","","","","","","","","",""
"-120.45","50.70","KAMLOOPS A","1163781","2024-02-26","2024","02","26","","","","","","","","","","","","","","","","","","","","","","",""
"-120.45","50.70","KAMLOOPS A","1163781","2024-02-27","2024","02","27","","","","","","","","","","","","","","","","","","","","","","",""
"-120.45","50.70","KAMLOOPS A","1163781","2024-02-28","2024","02","28","","","","","","","","","","","","","","","","","","","","","","",""
"-120.45","50.70","KAMLOOPS A","1163781","2024-02-29","2024","02","29","","","","","","","","","","","","","","","","","","","","","","",""
"-120.45","50.70","KAMLOOPS A","1163781","2024-03-01","2024","03","01","","","","","","","","","","","","","","","","","","","","","","",""
"-120.45","50.70","KAMLOOPS A","1163781","2024-03-02","2024","03","02","","","","","","","","","","","","","","","","","","","","","","",""
"-120.45","50.70","KAMLOOPS A","1163781","2024-03-03","2024","03","03","","","","","","","","","","","","","","","","","","","","","","",""
"-120.45","50.70","KAMLOOPS A","1163781","2024-03-04","2024","03","04","","","","","","","","","","","","","","","","","","","","","","",""
"-120.45","50.70","KAMLOOPS A","1163781","2024-03-05","2024","03","05","","","","","","","","","","","","","","","","","","","","","","",""
"-120.45","50.70","KAMLOOPS A","1163781","2024-03-06","2024","03","06","","","","","","","","","","","","","","","","","","","","","","",""
"-120.45","50.70","KAMLOOPS A","1163781","2024-03-07","2024","03","07","","","","","","","","","","","","","","","","","","","","","","",""
"-120.45","50.70","KAMLOOPS A","1163781","2024-03-08","2024","03","08","","","","","","","","","","","","","","","","","","","","","","",""
"-120.45","50.70","KAMLOOPS A","1163781","2024-03-09","2024","03","09","","","","","","","","","","","","","","","","","","","","","","",""
"-120.45","50.70","KAMLOOPS A","1163781","2024-03-10","2024","03","10","","","","","","","","","","","","","","","","","","","","","","",""
"-120.45","50.70","KAMLOOPS A","1163781","2024-03-11","2024","03","11","","","","","","","","","","","","","","","","","","","","","","",""
"-120.45","50.70","KAMLOOPS A","1163781","2024-03-12","2024","03","12","","","","","","","","","","","","","","","","","","","","","","",""
"-120.45","50.70","KAMLOOPS A","1163781","2024-03-13","2024","03","13","","","","","","","","","","","","","","","","","","","","","","",""
"-120.45","50.70","KAMLOOPS A","1163781","2024-03-14","2024","03","14","","","","","","","","","","","","","","","","","","","","","","",""
"-120.45","50.70","KAMLOOPS A","1163781","2024-03-15","2024","03","15","","","","","","","","","","","","","","","","","","","","","","",""
"-120.45","50.70","KAMLOOPS A","1163781","2024-03-16","2024","03","16","","","","","","","","","","","","","","","","","","","","","","",""
"-120.45","50.70","KAMLOOPS A","1163781","2024-03-17","2024","03","17","","","","","","","","","","","","","","","","","","","","","","",""
"-120.45","50.70","KAMLOOPS A","1163781","2024-03-18","2024","03","18","","","","","","","","","","","","","","","","","","","","","","",""
"-120.45","50.70","KAMLOOPS A","1163781","2024-03-19","2024","03","19","","","","","","","","","","","","","","","","","","","","","","",""
"-120.45","50.70","KAMLOOPS A","1163781","2024-03-20","2024","03","20","","","","","","","","","","","","","","","","","","","","","","",""
"-120.45","50.70","KAMLOOPS A","1163781","2024-03-21","2024","03","21","","","","","","","","","","","","","","","","","","","","","","",""
"-120.45","50.70","KAMLOOPS A","1163781","2024-03-22","2024","03","22","","","","","","","","","","","","","","","","","","","","","","",""
"-120.45","50.70","KAMLOOPS A","1163781","2024-03-23","2024","03","23","","","","","","","","","","","","","","","","","","","","","","",""
"-120.45","50.70","KAMLOOPS A","1163781","2024-03-24","2024","03","24","","","","","","","","","","","","","","","","","","","","","","",""
"-120.45","50.70","KAMLOOPS A","1163781","2024-03-25","2024","03","25","","","","","","","","","","","","","","","","","","","","","","",""
"-120.45","50.70","KAMLOOPS A","1163781","2024-03-26","2024","03","26","","","","","","","","","","","","","","","","","","","","","","",""
"-120.45","50.70","KAMLOOPS A","1163781","2024-03-27","2024","03","27","","","","","","","","","","","","","","","","","","","","","","",""
"-120.45","50.70","KAMLOOPS A","1163781","2024-03-28","2024","03","28","","","","","","","","","","","","","","","","","","","","","","",""
"-120.45","50.70","KAMLOOPS A","1163781","2024-03-29","2024","03","29","","","","","","","","","","","","","","","","","","","","","","",""
"-120.45","50.70","KAMLOOPS A","1163781","2024-03-30","2024","03","30","","","","","","","","","","","","","","","","","","","","","","",""
"-120.45","50.70","KAMLOOPS A","1163781","2024-03-31","2024","03","31","","","","","","","","","","","","","","","","","","","","","","",""
"-120.45","50.70","KAMLOOPS A","1163781","2024-04-01","2024","04","01","","","","","","","","","","","","","","","","","","","","","","",""
"-120.45","50.70","KAMLOOPS A","1163781","2024-04-02","2024","04","02","","","","","","","","","","","","","","","","","","","","","","",""
"-120.45","50.70","KAMLOOPS A","1163781","2024-04-03","2024","04","03","","","","","","","","","","","","","","","","","","","","","","",""
"-120.45","50.70","KAMLOOPS A","1163781","2024-04-04","2024","04","04","","","","","","","","","","","","","","","","","","","","","","",""
"-120.45","50.70","KAMLOOPS A","1163781","2024-04-05","2024","04","05","","","","","","","","","","","","","","","","","","","","","","",""
"-120.45","50.70","KAMLOOPS A","1163781","2024-04-06","2024","04","06","","","","","","","","","","","","","","","","","","","","","","",""
"-120.45","50.70","KAMLOOPS A","1163781","2024-04-07","2024","04","07","","","","","","","","","","","","","","","","","","","","","","",""
"-120.45","50.70","KAMLOOPS A","1163781","2024-04-08","2024","04","08","","","","","","","","","","","","","","","","","","","","","","",""
"-120.45","50.70","KAMLOOPS A","1163781","2024-04-09","2024","04","09","","","","","","","","","","","","","","","","","","","","","","",""
"-120.45","50.70","KAMLOOPS A","1163781","2024-04-10","2024","04","10","","","","","","","","","","","","","","","","","","","","","","",""
"-120.45","50.70","KAMLOOPS A","1163781","2024-04-11","2024","04","11","","","","","","","","","","","","","","","","","","","","","","",""
"-120.45","50.70","KAMLOOPS A","1163781","2024-04-12","2024","04","12","","","","","","","","","","","","","","","","","","","","","","",""
"-120.45","50.70","KAMLOOPS A","1163781","2024-04-13","2024","04","13","","","","","","","","","","","","","","","","","","","","","","",""
"-120.45","50.70","KAMLOOPS A","1163781","2024-04-14","2024","04","14","","","","","","","","","","","","","","","","","","","","","","",""
"-120.45","50.70","KAMLOOPS A","1163781","2024-04-15","2024","04","15","","","","","","","","","","","","","","","","","","","","","","",""
"-120.45","50.70","KAMLOOPS A","1163781","2024-04-16","2024","04","16","","","","","","","","","","","","","","","","","","","","","","",""
"-120.45","50.70","KAMLOOPS A","1163781","2024-04-17","2024","04","17","","","","","","","","","","","","","","","","","","","","","","",""
"-120.45","50.70","KAMLOOPS A","1163781","2024-04-18","2024","04","18","","","","","","","","","","","","","","","","","","","","","","",""
"-120.45","50.70","KAMLOOPS A","1163781","2024-04-19","2024","04","19","","","","","","","","","","","","","","","","","","","","","","",""
"-120.45","50.70","KAMLOOPS A","1163781","2024-04-20","2024","04","20","","","","","","","","","","","","","","","","","","","","","","",""
"-120.45","50.70","KAMLOOPS A","1163781","2024-04-21","2024","04","21","","","","","","","","","","","","","","","","","","","","","","",""
"-120.45","50.70","KAMLOOPS A","1163781","2024-04-22","2024","04","22","","","","","","","","","","","","","","","","","","","","","","",""
"-120.45","50.70","KAMLOOPS A","1163781","2024-04-23","2024","04","23","","","","","","","","","","","","","","","","","","","","","","",""
"-120.45","50.70","KAMLOOPS A","1163781","2024-04-24","2024","04","24","","","","","","","","","","","","","","","","","","","","","","",""
"-120.45","50.70","KAMLOOPS A","1163781","2024-04-25","2024","04","25","","","","","","","","","","","","","","","","","","","","","","",""
"-120.45","50.70","KAMLOOPS A","1163781","2024-04-26","2024","04","26","","","","","","","","","","","","","","","","","","","","","","",""
"-120.45","50.70","KAMLOOPS A","1163781","2024-04-27","2024","04","27","","","","","","","","","","","","","","","","","","","","","","",""
"-120.45","50.70","KAMLOOPS A","1163781","2024-04-28","2024","04","28","","","","","","","","","","","","","","","","","","","","","","",""
"-120.45","50.70","KAMLOOPS A","1163781","2024-04-29","2024","04","29","","","","","","","","","","","","","","","","","","","","","","",""
"-120.45","50.70","KAMLOOPS A","1163781","2024-04-30","2024","04","30","","","","","","","","","","","","","","","","","","","","","","",""
"-120.45","50.70","KAMLOOPS A","1163781","2024-05-01","2024","05","01","","","","","","","","","","","","","","","","","","","","","","",""
"-120.45","50.70","KAMLOOPS A","1163781","2024-05-02","2024","05","02","","","","","","","","","","","","","","","","","","","","","","",""
"-120.45","50.70","KAMLOOPS A","1163781","2024-05-03","2024","05","03","","","","","","","","","","","","","","","","","","","","","","",""
"-120.45","50.70","KAMLOOPS A","1163781","2024-05-04","2024","05","04","","","","","","","","","","","","","","","","","","","","","","",""
"-120.45","50.70","KAMLOOPS A","1163781","2024-05-05","2024","05","05","","","","","","","","","","","","","","","","","","","","","","",""
"-120.45","50.70","KAMLOOPS A","1163781","2024-05-06","2024","05","06","","","","","","","","","","","","","","","","","","","","","","",""
"-120.45","50.70","KAMLOOPS A","1163781","2024-05-07","2024","05","07","","","","","","","","","","","","","","","","","","","","","","",""
"-120.45","50.70","KAMLOOPS A","1163781","2024-05-08","2024","05","08","","","","","","","","","","","","","","","","","","","","","","",""
"-120.45","50.70","KAMLOOPS A","1163781","2024-05-09","2024","05","09","","","","","","","","","","","","","","","","","","","","","","",""
"-120.45","50.70","KAMLOOPS A","1163781","2024-05-10","2024","05","10","","","","","","","","","","","","","","","","","","","","","","",""
"-120.45","50.70","KAMLOOPS A","1163781","2024-05-11","2024","05","11","","","","","","","","","","","","","","","","","","","","","","",""
"-120.45","50.70","KAMLOOPS A","1163781","2024-05-12","2024","05","12","","","","","","","","","","","","","","","","","","","","","","",""
"-120.45","50.70","KAMLOOPS A","1163781","2024-05-13","2024","05","13","","","","","","","","","","","","","","","","","","","","","","",""
"-120.45","50.70","KAMLOOPS A","1163781","2024-05-14","2024","05","14","","","","","","","","","","","","","","","","","","","","","","",""
"-120.45","50.70","KAMLOOPS A","1163781","2024-05-15","2024","05","15","","","","","","","","","","","","","","","","","","","","","","",""
"-120.45","50.70","KAMLOOPS A","1163781","2024-05-16","2024","05","16","","","","","","","","","","","","","","","","","","","","","","",""
"-120.45","50.70","KAMLOOPS A","1163781","2024-05-17","2024","05","17","","","","","","","","","","","","","","","","","","","","","","",""
"-120.45","50.70","KAMLOOPS A","1163781","2024-05-18","2024","05","18","","","","","","","","","","","","","","","","","","","","","","",""
"-120.45","50.70","KAMLOOPS A","1163781","2024-05-19","2024","05","19","","","","","","","","","","","","","","","","","","","","","","",""
"-120.45","50.70","KAMLOOPS A","1163781","2024-05-20","2024","05","20","","","","","","","","","","","","","","","","","","","","","","",""
"-120.45","50.70","KAMLOOPS A","1163781","2024-05-21","2024","05","21","","","","","","","","","","","","","","","","","","","","","","",""
"-120.45","50.70","KAMLOOPS A","1163781","2024-05-22","2024","05","22","","","","","","","","","","","","","","","","","","","","","","",""
"-120.45","50.70","KAMLOOPS A","1163781","2024-05-23","2024","05","23","","","","","","","","","","","","","","","","","","","","","","",""
"-120.45","50.70","KAMLOOPS A","1163781","2024-05-24","2024","05","24","","","","","","","","","","","","","","","","","","","","","","",""
"-120.45","50.70","KAMLOOPS A","1163781","2024-05-25","2024","05","25","","","","","","","","","","","","","","","","","","","","","","",""
"-120.45","50.70","KAMLOOPS A","1163781","2024-05-26","2024","05","26","","","","","","","","","","","","","","","","","","","","","","",""
"-120.45","50.70","KAMLOOPS A","1163781","2024-05-27","2024","05","27","","","","","","","","","","","","","","","","","","","","","","",""
"-120.45","50.70","KAMLOOPS A","1163781","2024-05-28","2024","05","28","","","","","","","","","","","","","","","","","","","","","","",""
"-120.45","50.70","KAMLOOPS A","1163781","2024-05-29","2024","05","29","","","","","","","","","","","","","","","","","","","","","","",""
"-120.45","50.70","KAMLOOPS A","1163781","2024-05-30","2024","05","30","","","","","","","","","","","","","","","","","","","","","","",""
"-120.45","50.70","KAMLOOPS A","1163781","2024-05-31","2024","05","31","","","","","","","","","","","","","","","","","","","","","","",""
"-120.45","50.70","KAMLOOPS A","1163781","2024-06-01","2024","06","01","","","","","","","","","","","","","","","","","","","","","","",""
"-120.45","50.70","KAMLOOPS A","1163781","2024-06-02","2024","06","02","","","","","","","","","","","","","","","","","","","","","","",""
"-120.45","50.70","KAMLOOPS A","1163781","2024-06-03","2024","06","03","","","","","","","","","","","","","","","","","","","","","","",""
"-120.45","50.70","KAMLOOPS A","1163781","2024-06-04","2024","06","04","","","","","","","","","","","","","","","","","","","","","","",""
"-120.45","50.70","KAMLOOPS A","1163781","2024-06-05","2024","06","05","","","","","","","","","","","","","","","","","","","","","","",""
"-120.45","50.70","KAMLOOPS A","1163781","2024-06-06","2024","06","06","","","","","","","","","","","","","","","","","","","","","","",""
"-120.45","50.70","KAMLOOPS A","1163781","2024-06-07","2024","06","07","","","","","","","","","","","","","","","","","","","","","","",""
"-120.45","50.70","KAMLOOPS A","1163781","2024-06-08","2024","06","08","","","","","","","","","","","","","","","","","","","","","","",""
"-120.45","50.70","KAMLOOPS A","1163781","2024-06-09","2024","06","09","","","","","","","","","","","","","","","","","","","","","","",""
"-120.45","50.70","KAMLOOPS A","1163781","2024-06-10","2024","06","10","","","","","","","","","","","","","","","","","","","","","","",""
"-120.45","50.70","KAMLOOPS A","1163781","2024-06-11","2024","06","11","","","","","","","","","","","","","","","","","","","","","","",""
"-120.45","50.70","KAMLOOPS A","1163781","2024-06-12","2024","06","12","","","","","","","","","","","","","","","","","","","","","","",""
"-120.45","50.70","KAMLOOPS A","1163781","2024-06-13","2024","06","13","","","","","","","","","","","","","","","","","","","","","","",""
"-120.45","50.70","KAMLOOPS A","1163781","2024-06-14","2024","06","14","","","","","","","","","","","","","","","","","","","","","","",""
"-120.45","50.70","KAMLOOPS A","1163781","2024-06-15","2024","06","15","","","","","","","","","","","","","","","","","","","","","","",""
"-120.45","50.70","KAMLOOPS A","1163781","2024-06-16","2024","06","16","","","","","","","","","","","","","","","","","","","","","","",""
"-120.45","50.70","KAMLOOPS A","1163781","2024-06-17","2024","06","17","","","","","","","","","","","","","","","","","","","","","","",""
"-120.45","50.70","KAMLOOPS A","1163781","2024-06-18","2024","06","18","","","","","","","","","","","","","","","","","","","","","","",""
"-120.45","50.70","KAMLOOPS A","1163781","2024-06-19","2024","06","19","","","","","","","","","","","","","","","","","","","","","","",""
"-120.45","50.70","KAMLOOPS A","1163781","2024-06-20","2024","06","20","","","","","","","","","","","","","","","","","","","","","","",""
"-120.45","50.70","KAMLOOPS A","1163781","2024-06-21","2024","06","21","","","","","","","","","","","","","","","","","","","","","","",""
"-120.45","50.70","KAMLOOPS A","1163781","2024-06-22","2024","06","22","","","","","","","","","","","","","","","","","","","","","","",""
"-120.45","50.70","KAMLOOPS A","1163781","2024-06-23","2024","06","23","","","","","","","","","","","","","","","","","","","","","","",""
"-120.45","50.70","KAMLOOPS A","1163781","2024-06-24","2024","06","24","","","","","","","","","","","","","","","","","","","","","","",""
"-120.45","50.70","KAMLOOPS A","1163781","2024-06-25","2024","06","25","","","","","","","","","","","","","","","","","","","","","","",""
"-120.45","50.70","KAMLOOPS A","1163781","2024-06-26","2024","06","26","","","","","","","","","","","","","","","","","","","","","","",""
"-120.45","50.70","KAMLOOPS A","1163781","2024-06-27","2024","06","27","","","","","","","","","","","","","","","","","","","","","","",""
"-120.45","50.70","KAMLOOPS A","1163781","2024-06-28","2024","06","28","","","","","","","","","","","","","","","","","","","","","","",""
"-120.45","50.70","KAMLOOPS A","1163781","2024-06-29","2024","06","29","","","","","","","","","","","","","","","","","","","","","","",""
"-120.45","50.70","KAMLOOPS A","1163781","2024-06-30","2024","06","30","","","","","","","","","","","","","","","","","","","","","","",""
"-120.45","50.70","KAMLOOPS A","1163781","2024-07-01","2024","07","01","","","","","","","","","","","","","","","","","","","","","","",""
"-120.45","50.70","KAMLOOPS A","1163781","2024-07-02","2024","07","02","","","","","","","","","","","","","","","","","","","","","","",""
"-120.45","50.70","KAMLOOPS A","1163781","2024-07-03","2024","07","03","","","","","","","","","","","","","","","","","","","","","","",""
"-120.45","50.70","KAMLOOPS A","1163781","2024-07-04","2024","07","04","","","","","","","","","","","","","","","","","","","","","","",""
"-120.45","50.70","KAMLOOPS A","1163781","2024-07-05","2024","07","05","","","","","","","","","","","","","","","","","","","","","","",""
"-120.45","50.70","KAMLOOPS A","1163781","2024-07-06","2024","07","06","","","","","","","","","","","","","","","","","","","","","","",""
"-120.45","50.70","KAMLOOPS A","1163781","2024-07-07","2024","07","07","","","","","","","","","","","","","","","","","","","","","","",""
"-120.45","50.70","KAMLOOPS A","1163781","2024-07-08","2024","07","08","","","","","","","","","","","","","","","","","","","","","","",""
"-120.45","50.70","KAMLOOPS A","1163781","2024-07-09","2024","07","09","","","","","","","","","","","","","","","","","","","","","","",""
"-120.45","50.70","KAMLOOPS A","1163781","2024-07-10","2024","07","10","","","","","","","","","","","","","","","","","","","","","","",""
"-120.45","50.70","KAMLOOPS A","1163781","2024-07-11","2024","07","11","","","","","","","","","","","","","","","","","","","","","","",""
"-120.45","50.70","KAMLOOPS A","1163781","2024-07-12","2024","07","12","","","","","","","","","","","","","","","","","","","","","","",""
"-120.45","50.70","KAMLOOPS A","1163781","2024-07-13","2024","07","13","","","","","","","","","","","","","","","","","","","","","","",""
"-120.45","50.70","KAMLOOPS A","1163781","2024-07-14","2024","07","14","","","","","","","","","","","","","","","","","","","","","","",""
"-120.45","50.70","KAMLOOPS A","1163781","2024-07-15","2024","07","15","","","","","","","","","","","","","","","","","","","","","","",""
"-120.45","50.70","KAMLOOPS A","1163781","2024-07-16","2024","07","16","","","","","","","","","","","","","","","","","","","","","","",""
"-120.45","50.70","KAMLOOPS A","1163781","2024-07-17","2024","07","17","","","","","","","","","","","","","","","","","","","","","","",""
"-120.45","50.70","KAMLOOPS A","1163781","2024-07-18","2024","07","18","","","","","","","","","","","","","","","","","","","","","","",""
"-120.45","50.70","KAMLOOPS A","1163781","2024-07-19","2024","07","19","","","","","","","","","","","","","","","","","","","","","","",""
"-120.45","50.70","KAMLOOPS A","1163781","2024-07-20","2024","07","20","","","","","","","","","","","","","","","","","","","","","","",""
"-120.45","50.70","KAMLOOPS A","1163781","2024-07-21","2024","07","21","","","","","","","","","","","","","","","","","","","","","","",""
"-120.45","50.70","KAMLOOPS A","1163781","2024-07-22","2024","07","22","","","","","","","","","","","","","","","","","","","","","","",""
"-120.45","50.70","KAMLOOPS A","1163781","2024-07-23","2024","07","23","","","","","","","","","","","","","","","","","","","","","","",""
"-120.45","50.70","KAMLOOPS A","1163781","2024-07-24","2024","07","24","","","","","","","","","","","","","","","","","","","","","","",""
"-120.45","50.70","KAMLOOPS A","1163781","2024-07-25","2024","07","25","","","","","","","","","","","","","","","","","","","","","","",""
"-120.45","50.70","KAMLOOPS A","1163781","2024-07-26","2024","07","26","","","","","","","","","","","","","","","","","","","","","","",""
"-120.45","50.70","KAMLOOPS A","1163781","2024-07-27","2024","07","27","","","","","","","","","","","","","","","","","","","","","","",""
"-120.45","50.70","KAMLOOPS A","1163781","2024-07-28","2024","07","28","","","","","","","","","","","","","","","","","","","","","","",""
"-120.45","50.70","KAMLOOPS A","1163781","2024-07-29","2024","07","29","","","","","","","","","","","","","","","","","","","","","","",""
"-120.45","50.70","KAMLOOPS A","1163781","2024-07-30","2024","07","30","","","","","","","","","","","","","","","","","","","","","","",""
"-120.45","50.70","KAMLOOPS A","1163781","2024-07-31","2024","07","31","","","","","","","","","","","","","","","","","","","","","","",""
"-120.45","50.70","KAMLOOPS A","1163781","2024-08-01","2024","08","01","","","","","","","","","","","","","","","","","","","","","","",""
"-120.45","50.70","KAMLOOPS A","1163781","2024-08-02","2024","08","02","","","","","","","","","","","","","","","","","","","","","","",""
"-120.45","50.70","KAMLOOPS A","1163781","2024-08-03","2024","08","03","","","","","","","","","","","","","","","","","","","","","","",""
"-120.45","50.70","KAMLOOPS A","1163781","2024-08-04","2024","08","04","","","","","","","","","","","","","","","","","","","","","","",""
"-120.45","50.70","KAMLOOPS A","1163781","2024-08-05","2024","08","05","","","","","","","","","","","","","","","","","","","","","","",""
"-120.45","50.70","KAMLOOPS A","1163781","2024-08-06","2024","08","06","","","","","","","","","","","","","","","","","","","","","","",""
"-120.45","50.70","KAMLOOPS A","1163781","2024-08-07","2024","08","07","","","","","","","","","","","","","","","","","","","","","","",""
"-120.45","50.70","KAMLOOPS A","1163781","2024-08-08","2024","08","08","","","","","","","","","","","","","","","","","","","","","","",""
"-120.45","50.70","KAMLOOPS A","1163781","2024-08-09","2024","08","09","","","","","","","","","","","","","","","","","","","","","","",""
"-120.45","50.70","KAMLOOPS A","1163781","2024-08-10","2024","08","10","","","","","","","","","","","","","","","","","","","","","","",""
"-120.45","50.70","KAMLOOPS A","1163781","2024-08-11","2024","08","11","","","","","","","","","","","","","","","","","","","","","","",""
"-120.45","50.70","KAMLOOPS A","1163781","2024-08-12","2024","08","12","","","","","","","","","","","","","","","","","","","","","","",""
"-120.45","50.70","KAMLOOPS A","1163781","2024-08-13","2024","08","13","","","","","","","","","","","","","","","","","","","","","","",""
"-120.45","50.70","KAMLOOPS A","1163781","2024-08-14","2024","08","14","","","","","","","","","","","","","","","","","","","","","","",""
"-120.45","50.70","KAMLOOPS A","1163781","2024-08-15","2024","08","15","","","","","","","","","","","","","","","","","","","","","","",""
"-120.45","50.70","KAMLOOPS A","1163781","2024-08-16","2024","08","16","","","","","","","","","","","","","","","","","","","","","","",""
"-120.45","50.70","KAMLOOPS A","1163781","2024-08-17","2024","08","17","","","","","","","","","","","","","","","","","","","","","","",""
"-120.45","50.70","KAMLOOPS A","1163781","2024-08-18","2024","08","18","","","","","","","","","","","","","","","","","","","","","","",""
"-120.45","50.70","KAMLOOPS A","1163781","2024-08-19","2024","08","19","","","","","","","","","","","","","","","","","","","","","","",""
"-120.45","50.70","KAMLOOPS A","1163781","2024-08-20","2024","08","20","","","","","","","","","","","","","","","","","","","","","","",""
"-120.45","50.70","KAMLOOPS A","1163781","2024-08-21","2024","08","21","","","","","","","","","","","","","","","","","","","","","","",""
"-120.45","50.70","KAMLOOPS A","1163781","2024-08-22","2024","08","22","","","","","","","","","","","","","","","","","","","","","","",""
"-120.45","50.70","KAMLOOPS A","1163781","2024-08-23","2024","08","23","","","","","","","","","","","","","","","","","","","","","","",""
"-120.45","50.70","KAMLOOPS A","1163781","2024-08-24","2024","08","24","","","","","","","","","","","","","","","","","","","","","","",""
"-120.45","50.70","KAMLOOPS A","1163781","2024-08-25","2024","08","25","","","","","","","","","","","","","","","","","","","","","","",""
"-120.45","50.70","KAMLOOPS A","1163781","2024-08-26","2024","08","26","","","","","","","","","","","","","","","","","","","","","","",""
"-120.45","50.70","KAMLOOPS A","1163781","2024-08-27","2024","08","27","","","","","","","","","","","","","","","","","","","","","","",""
"-120.45","50.70","KAMLOOPS A","1163781","2024-08-28","2024","08","28","","","","","","","","","","","","","","","","","","","","","","",""
"-120.45","50.70","KAMLOOPS A","1163781","2024-08-29","2024","08","29","","","","","","","","","","","","","","","","","","","","","","",""
"-120.45","50.70","KAMLOOPS A","1163781","2024-08-30","2024","08","30","","","","","","","","","","","","","","","","","","","","","","",""
"-120.45","50.70","KAMLOOPS A","1163781","2024-08-31","2024","08","31","","","","","","","","","","","","","","","","","","","","","","",""
"-120.45","50.70","KAMLOOPS A","1163781","2024-09-01","2024","09","01","","","","","","","","","","","","","","","","","","","","","","",""
"-120.45","50.70","KAMLOOPS A","1163781","2024-09-02","2024","09","02","","","","","","","","","","","","","","","","","","","","","","",""
"-120.45","50.70","KAMLOOPS A","1163781","2024-09-03","2024","09","03","","","","","","","","","","","","","","","","","","","","","","",""
"-120.45","50.70","KAMLOOPS A","1163781","2024-09-04","2024","09","04","","","","","","","","","","","","","","","","","","","","","","",""
"-120.45","50.70","KAMLOOPS A","1163781","2024-09-05","2024","09","05","","","","","","","","","","","","","","","","","","","","","","",""
"-120.45","50.70","KAMLOOPS A","1163781","2024-09-06","2024","09","06","","","","","","","","","","","","","","","","","","","","","","",""
"-120.45","50.70","KAMLOOPS A","1163781","2024-09-07","2024","09","07","","","","","","","","","","","","","","","","","","","","","","",""
"-120.45","50.70","KAMLOOPS A","1163781","2024-09-08","2024","09","08","","","","","","","","","","","","","","","","","","","","","","",""
"-120.45","50.70","KAMLOOPS A","1163781","2024-09-09","2024","09","09","","","","","","","","","","","","","","","","","","","","","","",""
"-120.45","50.70","KAMLOOPS A","1163781","2024-09-10","2024","09","10","","","","","","","","","","","","","","","","","","","","","","",""
"-120.45","50.70","KAMLOOPS A","1163781","2024-09-11","2024","09","11","","","","","","","","","","","","","","","","","","","","","","",""
"-120.45","50.70","KAMLOOPS A","1163781","2024-09-12","2024","09","12","","","","","","","","","","","","","","","","","","","","","","",""
"-120.45","50.70","KAMLOOPS A","1163781","2024-09-13","2024","09","13","","","","","","","","","","","","","","","","","","","","","","",""
"-120.45","50.70","KAMLOOPS A","1163781","2024-09-14","2024","09","14","","","","","","","","","","","","","","","","","","","","","","",""
"-120.45","50.70","KAMLOOPS A","1163781","2024-09-15","2024","09","15","","","","","","","","","","","","","","","","","","","","","","",""
"-120.45","50.70","KAMLOOPS A","1163781","2024-09-16","2024","09","16","","","","","","","","","","","","","","","","","","","","","","",""
"-120.45","50.70","KAMLOOPS A","1163781","2024-09-17","2024","09","17","","","","","","","","","","","","","","","","","","","","","","",""
"-120.45","50.70","KAMLOOPS A","1163781","2024-09-18","2024","09","18","","","","","","","","","","","","","","","","","","","","","","",""
"-120.45","50.70","KAMLOOPS A","1163781","2024-09-19","2024","09","19","","","","","","","","","","","","","","","","","","","","","","",""
"-120.45","50.70","KAMLOOPS A","1163781","2024-09-20","2024","09","20","","","","","","","","","","","","","","","","","","","","","","",""
"-120.45","50.70","KAMLOOPS A","1163781","2024-09-21","2024","09","21","","","","","","","","","","","","","","","","","","","","","","",""
"-120.45","50.70","KAMLOOPS A","1163781","2024-09-22","2024","09","22","","","","","","","","","","","","","","","","","","","","","","",""
"-120.45","50.70","KAMLOOPS A","1163781","2024-09-23","2024","09","23","","","","","","","","","","","","","","","","","","","","","","",""
"-120.45","50.70","KAMLOOPS A","1163781","2024-09-24","2024","09","24","","","","","","","","","","","","","","","","","","","","","","",""
"-120.45","50.70","KAMLOOPS A","1163781","2024-09-25","2024","09","25","","","","","","","","","","","","","","","","","","","","","","",""
"-120.45","50.70","KAMLOOPS A","1163781","2024-09-26","2024","09","26","","","","","","","","","","","","","","","","","","","","","","",""
"-120.45","50.70","KAMLOOPS A","1163781","2024-09-27","2024","09","27","","","","","","","","","","","","","","","","","","","","","","",""
"-120.45","50.70","KAMLOOPS A","1163781","2024-09-28","2024","09","28","","","","","","","","","","","","","","","","","","","","","","",""
"-120.45","50.70","KAMLOOPS A","1163781","2024-09-29","2024","09","29","","","","","","","","","","","","","","","","","","","","","","",""
"-120.45","50.70","KAMLOOPS A","1163781","2024-09-30","2024","09","30","","","","","","","","","","","","","","","","","","","","","","",""
"-120.45","50.70","KAMLOOPS A","1163781","2024-10-01","2024","10","01","","","","","","","","","","","","","","","","","","","","","","",""
"-120.45","50.70","KAMLOOPS A","1163781","2024-10-02","2024","10","02","","","","","","","","","","","","","","","","","","","","","","",""
"-120.45","50.70","KAMLOOPS A","1163781","2024-10-03","2024","10","03","","","","","","","","","","","","","","","","","","","","","","",""
"-120.45","50.70","KAMLOOPS A","1163781","2024-10-04","2024","10","04","","","","","","","","","","","","","","","","","","","","","","",""
"-120.45","50.70","KAMLOOPS A","1163781","2024-10-05","2024","10","05","","","","","","","","","","","","","","","","","","","","","","",""
"-120.45","50.70","KAMLOOPS A","1163781","2024-10-06","2024","10","06","","","","","","","","","","","","","","","","","","","","","","",""
"-120.45","50.70","KAMLOOPS A","1163781","2024-10-07","2024","10","07","","","","","","","","","","","","","","","","","","","","","","",""
"-120.45","50.70","KAMLOOPS A","1163781","2024-10-08","2024","10","08","","","","","","","","","","","","","","","","","","","","","","",""
"-120.45","50.70","KAMLOOPS A","1163781","2024-10-09","2024","10","09","","","","","","","","","","","","","","","","","","","","","","",""
"-120.45","50.70","KAMLOOPS A","1163781","2024-10-10","2024","10","10","","","","","","","","","","","","","","","","","","","","","","",""
"-120.45","50.70","KAMLOOPS A","1163781","2024-10-11","2024","10","11","","","","","","","","","","","","","","","","","","","","","","",""
"-120.45","50.70","KAMLOOPS A","1163781","2024-10-12","2024","10","12","","","","","","","","","","","","","","","","","","","","","","",""
"-120.45","50.70","KAMLOOPS A","1163781","2024-10-13","2024","10","13","","","","","","","","","","","","","","","","","","","","","","",""
"-120.45","50.70","KAMLOOPS A","1163781","2024-10-14","2024","10","14","","","","","","","","","","","","","","","","","","","","","","",""
"-120.45","50.70","KAMLOOPS A","1163781","2024-10-15","2024","10","15","","","","","","","","","","","","","","","","","","","","","","",""
"-120.45","50.70","KAMLOOPS A","1163781","2024-10-16","2024","10","16","","","","","","","","","","","","","","","","","","","","","","",""
"-120.45","50.70","KAMLOOPS A","1163781","2024-10-17","2024","10","17","","","","","","","","","","","","","","","","","","","","","","",""
"-120.45","50.70","KAMLOOPS A","1163781","2024-10-18","2024","10","18","","","","","","","","","","","","","","","","","","","","","","",""
"-120.45","50.70","KAMLOOPS A","1163781","2024-10-19","2024","10","19","","","","","","","","","","","","","","","","","","","","","","",""
"-120.45","50.70","KAMLOOPS A","1163781","2024-10-20","2024","10","20","","","","","","","","","","","","","","","","","","","","","","",""
"-120.45","50.70","KAMLOOPS A","1163781","2024-10-21","2024","10","21","","","","","","","","","","","","","","","","","","","","","","",""
"-120.45","50.70","KAMLOOPS A","1163781","2024-10-22","2024","10","22","","","","","","","","","","","","","","","","","","","","","","",""
"-120.45","50.70","KAMLOOPS A","1163781","2024-10-23","2024","10","23","","","","","","","","","","","","","","","","","","","","","","",""
"-120.45","50.70","KAMLOOPS A","1163781","2024-10-24","2024","10","24","","","","","","","","","","","","","","","","","","","","","","",""
"-120.45","50.70","KAMLOOPS A","1163781","2024-10-25","2024","10","25","","","","","","","","","","","","","","","","","","","","","","",""
"-120.45","50.70","KAMLOOPS A","1163781","2024-10-26","2024","10","26","","","","","","","","","","","","","","","","","","","","","","",""
"-120.45","50.70","KAMLOOPS A","1163781","2024-10-27","2024","10","27","","","","","","","","","","","","","","","","","","","","","","",""
"-120.45","50.70","KAMLOOPS A","1163781","2024-10-28","2024","10","28","","","","","","","","","","","","","","","","","","","","","","",""
"-120.45","50.70","KAMLOOPS A","1163781","2024-10-29","2024","10","29","","","","","","","","","","","","","","","","","","","","","","",""
"-120.45","50.70","KAMLOOPS A","1163781","2024-10-30","2024","10","30","","","","","","","","","","","","","","","","","","","","","","",""
"-120.45","50.70","KAMLOOPS A","1163781","2024-10-31","2024","10","31","","","","","","","","","","","","","","","","","","","","","","",""
"-120.45","50.70","KAMLOOPS A","1163781","2024-11-01","2024","11","01","","","","","","","","","","","","","","","","","","","","","","",""
"-120.45","50.70","KAMLOOPS A","1163781","2024-11-02","2024","11","02","","","","","","","","","","","","","","","","","","","","","","",""
"-120.45","50.70","KAMLOOPS A","1163781","2024-11-03","2024","11","03","","","","","","","","","","","","","","","","","","","","","","",""
"-120.45","50.70","KAMLOOPS A","1163781","2024-11-04","2024","11","04","","","","","","","","","","","","","","","","","","","","","","",""
"-120.45","50.70","KAMLOOPS A","1163781","2024-11-05","2024","11","05","","","","","","","","","","","","","","","","","","","","","","",""
"-120.45","50.70","KAMLOOPS A","1163781","2024-11-06","2024","11","06","","","","","","","","","","","","","","","","","","","","","","",""
"-120.45","50.70","KAMLOOPS A","1163781","2024-11-07","2024","11","07","","","","","","","","","","","","","","","","","","","","","","",""
"-120.45","50.70","KAMLOOPS A","1163781","2024-11-08","2024","11","08","","","","","","","","","","","","","","","","","","","","","","",""
"-120.45","50.70","KAMLOOPS A","1163781","2024-11-09","2024","11","09","","","","","","","","","","","","","","","","","","","","","","",""
"-120.45","50.70","KAMLOOPS A","1163781","2024-11-10","2024","11","10","","","","","","","","","","","","","","","","","","","","","","",""
"-120.45","50.70","KAMLOOPS A","1163781","2024-11-11","2024","11","11","","","","","","","","","","","","","","","","","","","","","","",""
"-120.45","50.70","KAMLOOPS A","1163781","2024-11-12","2024","11","12","","","","","","","","","","","","","","","","","","","","","","",""
"-120.45","50.70","KAMLOOPS A","1163781","2024-11-13","2024","11","13","","","","","","","","","","","","","","","","","","","","","","",""
"-120.45","50.70","KAMLOOPS A","1163781","2024-11-14","2024","11","14","","","","","","","","","","","","","","","","","","","","","","",""
"-120.45","50.70","KAMLOOPS A","1163781","2024-11-15","2024","11","15","","","","","","","","","","","","","","","","","","","","","","",""
"-120.45","50.70","KAMLOOPS A","1163781","2024-11-16","2024","11","16","","","","","","","","","","","","","","","","","","","","","","",""
"-120.45","50.70","KAMLOOPS A","1163781","2024-11-17","2024","11","17","","","","","","","","","","","","","","","","","","","","","","",""
"-120.45","50.70","KAMLOOPS A","1163781","2024-11-18","2024","11","18","","","","","","","","","","","","","","","","","","","","","","",""
"-120.45","50.70","KAMLOOPS A","1163781","2024-11-19","2024","11","19","","","","","","","","","","","","","","","","","","","","","","",""
"-120.45","50.70","KAMLOOPS A","1163781","2024-11-20","2024","11","20","","","","","","","","","","","","","","","","","","","","","","",""
"-120.45","50.70","KAMLOOPS A","1163781","2024-11-21","2024","11","21","","","","","","","","","","","","","","","","","","","","","","",""
"-120.45","50.70","KAMLOOPS A","1163781","2024-11-22","2024","11","22","","","","","","","","","","","","","","","","","","","","","","",""
"-120.45","50.70","KAMLOOPS A","1163781","2024-11-23","2024","11","23","","","","","","","","","","","","","","","","","","","","","","",""
"-120.45","50.70","KAMLOOPS A","1163781","2024-11-24","2024","11","24","","","","","","","","","","","","","","","","","","","","","","",""
"-120.45","50.70","KAMLOOPS A","1163781","2024-11-25","2024","11","25","","","","","","","","","","","","","","","","","","","","","","",""
"-120.45","50.70","KAMLOOPS A","1163781","2024-11-26","2024","11","26","","","","","","","","","","","","","","","","","","","","","","",""
"-120.45","50.70","KAMLOOPS A","1163781","2024-11-27","2024","11","27","","","","","","","","","","","","","","","","","","","","","","",""
"-120.45","50.70","KAMLOOPS A","1163781","2024-11-28","2024","11","28","","","","","","","","","","","","","","","","","","","","","","",""
"-120.45","50.70","KAMLOOPS A","1163781","2024-11-29","2024","11","29","","","","","","","","","","","","","","","","","","","","","","",""
"-120.45","50.70","KAMLOOPS A","1163781","2024-11-30","2024","11","30","","","","","","","","","","","","","","","","","","","","","","",""
"-120.45","50.70","KAMLOOPS A","1163781","2024-12-01","2024","12","01","","","","","","","","","","","","","","","","","","","","","","",""
"-120.45","50.70","KAMLOOPS A","1163781","2024-12-02","2024","12","02","","","","","","","","","","","","","","","","","","","","","","",""
"-120.45","50.70","KAMLOOPS A","1163781","2024-12-03","2024","12","03","","","","","","","","","","","","","","","","","","","","","","",""
"-120.45","50.70","KAMLOOPS A","1163781","2024-12-04","2024","12","04","","","","","","","","","","","","","","","","","","","","","","",""
"-120.45","50.70","KAMLOOPS A","1163781","2024-12-05","2024","12","05","","","","","","","","","","","","","","","","","","","","","","",""
"-120.45","50.70","KAMLOOPS A","1163781","2024-12-06","2024","12","06","","","","","","","","","","","","","","","","","","","","","","",""
"-120.45","50.70","KAMLOOPS A","1163781","2024-12-07","2024","12","07","","","","","","","","","","","","","","","","","","","","","","",""
"-120.45","50.70","KAMLOOPS A","1163781","2024-12-08","2024","12","08","","","","","","","","","","","","","","","","","","","","","","",""
"-120.45","50.70","KAMLOOPS A","1163781","2024-12-09","2024","12","09","","","","","","","","","","","","","","","","","","","","","","",""
"-120.45","50.70","KAMLOOPS A","1163781","2024-12-10","2024","12","10","","","","","","","","","","","","","","","","","","","","","","",""
"-120.45","50.70","KAMLOOPS A","1163781","2024-12-11","2024","12","11","","","","","","","","","","","","","","","","","","","","","","",""
"-120.45","50.70","KAMLOOPS A","1163781","2024-12-12","2024","12","12","","","","","","","","","","","","","","","","","","","","","","",""
"-120.45","50.70","KAMLOOPS A","1163781","2024-12-13","2024","12","13","","","","","","","","","","","","","","","","","","","","","","",""
"-120.45","50.70","KAMLOOPS A","1163781","2024-12-14","2024","12","14","","","","","","","","","","","","","","","","","","","","","","",""
"-120.45","50.70","KAMLOOPS A","1163781","2024-12-15","2024","12","15","","","","","","","","","","","","","","","","","","","","","","",""
"-120.45","50.70","KAMLOOPS A","1163781","2024-12-16","2024","12","16","","","","","","","","","","","","","","","","","","","","","","",""
"-120.45","50.70","KAMLOOPS A","1163781","2024-12-17","2024","12","17","","","","","","","","","","","","","","","","","","","","","","",""
"-120.45","50.70","KAMLOOPS A","1163781","2024-12-18","2024","12","18","","","","","","","","","","","","","","","","","","","","","","",""
"-120.45","50.70","KAMLOOPS A","1163781","2024-12-19","2024","12","19","","","","","","","","","","","","","","","","","","","","","","",""
"-120.45","50.70","KAMLOOPS A","1163781","2024-12-20","2024","12","20","","","","","","","","","","","","","","","","","","","","","","",""
"-120.45","50.70","KAMLOOPS A","1163781","2024-12-21","2024","12","21","","","","","","","","","","","","","","","","","","","","","","",""
"-120.45","50.70","KAMLOOPS A","1163781","2024-12-22","2024","12","22","","","","","","","","","","","","","","","","","","","","","","",""
"-120.45","50.70","KAMLOOPS A","1163781","2024-12-23","2024","12","23","","","","","","","","","","","","","","","","","","","","","","",""
"-120.45","50.70","KAMLOOPS A","1163781","2024-12-24","2024","12","24","","","","","","","","","","","","","","","","","","","","","","",""
"-120.45","50.70","KAMLOOPS A","1163781","2024-12-25","2024","12","25","","","","","","","","","","","","","","","","","","","","","","",""
"-120.45","50.70","KAMLOOPS A","1163781","2024-12-26","2024","12","26","","","","","","","","","","","","","","","","","","","","","","",""
"-120.45","50.70","KAMLOOPS A","1163781","2024-12-27","2024","12","27","","","","","","","","","","","","","","","","","","","","","","",""
"-120.45","50.70","KAMLOOPS A","1163781","2024-12-28","2024","12","28","","","","","","","","","","","","","","","","","","","","","","",""
"-120.45","50.70","KAMLOOPS A","1163781","2024-12-29","2024","12","29","","","","","","","","","","","","","","","","","","","","","","",""
"-120.45","50.70","KAMLOOPS A","1163781","2024-12-30","2024","12","30","","","","","","","","","","","","","","","","","","","","","","",""
"-120.45","50.70","KAMLOOPS A","1163781","2024-12-31","2024","12","31","","","","","","","","","","","","","","","","","","","","","","",""
